{
  "GETRequest" : {
    "transaction" : "GETRequest",
    "sampleCount" : 1,
    "errorCount" : 0,
    "errorPct" : 0.0,
    "meanResTime" : 922.0,
    "medianResTime" : 922.0,
    "minResTime" : 922.0,
    "maxResTime" : 922.0,
    "pct1ResTime" : 922.0,
    "pct2ResTime" : 922.0,
    "pct3ResTime" : 922.0,
    "throughput" : 1.0845986984815619,
    "receivedKBytesPerSec" : 2.0431551654013016,
    "sentKBytesPerSec" : 0.16946854663774402
  },
  "POSTRequest" : {
    "transaction" : "POSTRequest",
    "sampleCount" : 1,
    "errorCount" : 0,
    "errorPct" : 0.0,
    "meanResTime" : 947.0,
    "medianResTime" : 947.0,
    "minResTime" : 947.0,
    "maxResTime" : 947.0,
    "pct1ResTime" : 947.0,
    "pct2ResTime" : 947.0,
    "pct3ResTime" : 947.0,
    "throughput" : 1.0559662090813093,
    "receivedKBytesPerSec" : 0.9538757259767688,
    "sentKBytesPerSec" : 0.2258365232312566
  },
  "PUTRequest" : {
    "transaction" : "PUTRequest",
    "sampleCount" : 1,
    "errorCount" : 0,
    "errorPct" : 0.0,
    "meanResTime" : 708.0,
    "medianResTime" : 708.0,
    "minResTime" : 708.0,
    "maxResTime" : 708.0,
    "pct1ResTime" : 708.0,
    "pct2ResTime" : 708.0,
    "pct3ResTime" : 708.0,
    "throughput" : 1.4124293785310735,
    "receivedKBytesPerSec" : 1.2689795197740115,
    "sentKBytesPerSec" : 0.3131069032485876
  },
  "Total" : {
    "transaction" : "Total",
    "sampleCount" : 4,
    "errorCount" : 0,
    "errorPct" : 0.0,
    "meanResTime" : 836.25,
    "medianResTime" : 845.0,
    "minResTime" : 708.0,
    "maxResTime" : 947.0,
    "pct1ResTime" : 947.0,
    "pct2ResTime" : 947.0,
    "pct3ResTime" : 947.0,
    "throughput" : 1.1940298507462688,
    "receivedKBytesPerSec" : 1.335704291044776,
    "sentKBytesPerSec" : 0.22825326492537312
  },
  "DELETERequest" : {
    "transaction" : "DELETERequest",
    "sampleCount" : 1,
    "errorCount" : 0,
    "errorPct" : 0.0,
    "meanResTime" : 768.0,
    "medianResTime" : 768.0,
    "minResTime" : 768.0,
    "maxResTime" : 768.0,
    "pct1ResTime" : 768.0,
    "pct2ResTime" : 768.0,
    "pct3ResTime" : 768.0,
    "throughput" : 1.3020833333333333,
    "receivedKBytesPerSec" : 1.0274251302083333,
    "sentKBytesPerSec" : 0.225067138671875
  }
}